ID,lat,lng,street,city,country
10,40.183731,44.5111862,Mesrop Mashtots Ave,Yerevan,Armenia
11,40.183731,44.5111862,Mesrop Mashtots Ave,Yerevan,Armenia
12,40.1820773,44.5146677,Northern Ave,Yerevan,Armenia
13,40.1878405,44.52007769999999,Teryan,Yerevan,Armenia
14,40.1549381,44.5306675,Argishti,Yerevan,Armenia
15,40.1820619,44.5208837,Sayat-Nova Ave,Yerevan,Armenia
17,40.1567434,44.5017089,Arshakunyats Ave,Yerevan,Armenia
18,40.2012047,44.5014376,Hrachya Kochar St,Yerevan,Armenia
19,40.1665764,44.5132354,Tigran Mets Ave,Yerevan,Armenia
20,40.1824108,44.5151103,5 Northern Ave,Yerevan,Armenia
21,40.186276,44.5175846,Byron St,Yerevan,Armenia
23,40.1878405,44.52007769999999,Teryan,Yerevan,Armenia
24,40.1778973,44.5189876,Hanrapetutyan St,Yerevan,Armenia
25,40.1665764,44.5132354,Tigran Mets Ave,Yerevan,Armenia
27,40.2209369,44.5008303,28,Yerevan,Armenia
28,40.1778973,44.5189876,Hanrapetutyan St,Yerevan,Armenia
31,40.1922371,44.5041657,Marshal Baghramyan Ave,Yerevan,Armenia
32,40.1665764,44.5132354,Tigran Mets Ave,Yerevan,Armenia
33,40.1820619,44.5208837,Sayat-Nova Ave,Yerevan,Armenia
34,40.1829508,44.5166621,Tumanyan St,Yerevan,Armenia
36,40.1888117,44.52438,37 Abovyan St,Yerevan,Armenia
38,40.1809038,44.5145464,39 Northern Ave,Yerevan,Armenia
42,40.1845581,44.5247759,43 Nalbandyan St,Yerevan,Armenia
44,40.1975544,44.4926943,45 Kievyan St,Yerevan,Armenia
46,40.2007241,44.4686363,47 Bashinjaghyan St,Yerevan,Armenia
48,40.1779515,44.5650182,Hunan Avetisyan St,Yerevan,Armenia
49,40.1739979,44.52130349999999,Vardanants St,Yerevan,Armenia
50,40.1686452,44.45749199999999,Malatia-Sebastia,Yerevan,Armenia
51,40.183731,44.5111862,Mesrop Mashtots Ave,Yerevan,Armenia
52,40.1918892,44.5203795,53 Mesrop Mashtots Ave,Yerevan,Armenia
58,40.1829508,44.5166621,Tumanyan St,Yerevan,Armenia
59,40.1875423,44.5102943,60 Moskovyan Street,Yerevan,Armenia
62,40.1579407,44.511237,63 Tigran Mets Ave,Yerevan,Armenia
64,40.2062505,44.5254904,65 Komitas Ave,Yerevan,Armenia
66,40.1809038,44.5145464,67 Northern Ave,Yerevan,Armenia
68,40.1809038,44.5145464,70 Northern Ave,Yerevan,Armenia
71,40.1796961,44.5004573,Paronyan St,Yerevan,Armenia
77,40.1978972,44.550014,Myasnikyan Ave,Yerevan,Armenia
78,40.183731,44.5111862,Mesrop Mashtots Ave,Yerevan,Armenia
80,40.1851571,44.52059999999999,Abovyan St,Yerevan,Armenia
82,40.2057999,44.5062259,Komitas Ave,Yerevan,Armenia
84,40.1820773,44.5146677,Northern Ave,Yerevan,Armenia
86,40.1820773,44.5146677,Northern Ave,Yerevan,Armenia
87,40.1851571,44.52059999999999,Abovyan St,Yerevan,Armenia
92,40.1828222,44.512412,Pushkin St,Yerevan,Armenia
95,40.1778973,44.5189876,Hanrapetutyan St,Yerevan,Armenia
96,40.1851571,44.52059999999999,Abovyan St,Yerevan,Armenia
99,40.1778973,44.5189876,Hanrapetutyan St,Yerevan,Armenia
100,40.1851571,44.52059999999999,Abovyan St,Yerevan,Armenia
102,40.1549381,44.5306675,Argishti,Yerevan,Armenia
106,40.184564,44.5407877,Nork-Marash,Yerevan,Armenia
107,40.183731,44.5111862,Mesrop Mashtots Ave,Yerevan,Armenia
108,40.18938180000001,44.5156616,Tamanyan St,Yerevan,Armenia
109,40.1820619,44.5208837,Sayat-Nova Ave,Yerevan,Armenia
110,40.1773371,44.5074447,Zakyan St,Yerevan,Armenia
114,40.1853021,44.5133847,115 Tumanyan St,Yerevan,Armenia
116,40.1820773,44.5146677,Northern Ave,Yerevan,Armenia
117,40.1829508,44.5166621,Tumanyan St,Yerevan,Armenia
118,40.18938180000001,44.5156616,Tamanyan St,Yerevan,Armenia
119,40.1912848,44.4706607,Leningradyan St,Yerevan,Armenia
120,40.1567434,44.5017089,Arshakunyats Ave,Yerevan,Armenia
121,40.1820773,44.5146677,Northern Ave,Yerevan,Armenia
122,40.1878405,44.52007769999999,Teryan,Yerevan,Armenia
123,40.1845988,44.5099309,Ghazar Parpetsi St,Yerevan,Armenia
124,40.1860168,44.5183665,Teryan St,Yerevan,Armenia
126,40.19883979999999,44.5283926,Adonts Institute; 31 Karapet Ulnetsi St,Yerevan,Armenia
127,40.1686755,44.5202593,Kajaznuni St,Yerevan,Armenia
128,40.18938180000001,44.5156616,Tamanyan St,Yerevan,Armenia
129,40.1829508,44.5166621,Tumanyan St,Yerevan,Armenia
132,40.1820773,44.5146677,Northern Ave,Yerevan,Armenia
133,40.1828222,44.512412,Pushkin St,Yerevan,Armenia
134,40.1778973,44.5189876,Hanrapetutyan St,Yerevan,Armenia
135,40.1829508,44.5166621,Tumanyan St,Yerevan,Armenia
136,40.18938180000001,44.5156616,Tamanyan St,Yerevan,Armenia
139,40.1686452,44.45749199999999,Malatia-Sebastia,Yerevan,Armenia
140,40.183731,44.5111862,Mesrop Mashtots Ave,Yerevan,Armenia
141,40.1851571,44.52059999999999,Abovyan St,Yerevan,Armenia
142,40.1567434,44.5017089,Arshakunyats Ave,Yerevan,Armenia
143,40.1851571,44.52059999999999,Abovyan St,Yerevan,Armenia
145,40.1661234,44.5443839,Davit-Bek St,Yerevan,Armenia
146,40.1828222,44.512412,Pushkin St,Yerevan,Armenia
147,40.1878405,44.52007769999999,Teryan,Yerevan,Armenia
148,40.1829508,44.5166621,Tumanyan St,Yerevan,Armenia
149,40.1781458,44.5195386,Tpagrichner St,Yerevan,Armenia
150,40.1860168,44.5183665,Teryan St,Yerevan,Armenia
151,40.1665764,44.5132354,Tigran Mets Ave,Yerevan,Armenia
152,40.1806224,44.50817809999999,Amiryan St,Yerevan,Armenia
153,40.1739979,44.52130349999999,Vardanants St,Yerevan,Armenia
154,40.18938180000001,44.5156616,Tamanyan St,Yerevan,Armenia
155,40.183731,44.5111862,Mesrop Mashtots Ave,Yerevan,Armenia
156,40.183731,44.5111862,Mesrop Mashtots Ave,Yerevan,Armenia
157,40.1820619,44.5208837,Sayat-Nova Ave,Yerevan,Armenia
158,40.183731,44.5111862,Mesrop Mashtots Ave,Yerevan,Armenia
159,40.1829508,44.5166621,Tumanyan St,Yerevan,Armenia
160,40.1878405,44.52007769999999,Teryan,Yerevan,Armenia
161,40.1778973,44.5189876,Hanrapetutyan St,Yerevan,Armenia
162,40.1820619,44.5208837,Sayat-Nova Ave,Yerevan,Armenia
164,40.1806224,44.50817809999999,Amiryan St,Yerevan,Armenia
165,40.1778973,44.5189876,Hanrapetutyan St,Yerevan,Armenia
167,40.186276,44.5175846,Byron St,Yerevan,Armenia
169,40.186276,44.5175846,Byron St,Yerevan,Armenia
175,40.1851571,44.52059999999999,Abovyan St,Yerevan,Armenia
176,40.1828222,44.512412,Pushkin St,Yerevan,Armenia
177,40.1820619,44.5208837,Sayat-Nova Ave,Yerevan,Armenia
179,40.1860168,44.5183665,Teryan St,Yerevan,Armenia
180,40.1815734,44.520049,Nalbandyan St,Yerevan,Armenia
181,40.1668828,44.5146355,Movses Khorenatsi Street,Yerevan,Armenia
182,40.1778973,44.5189876,Hanrapetutyan St,Yerevan,Armenia
183,40.188147,44.5239866,Koryun St,Yerevan,Armenia
184,40.2057999,44.5062259,Komitas Ave,Yerevan,Armenia
185,40.1828222,44.512412,Pushkin St,Yerevan,Armenia
186,40.1851571,44.52059999999999,Abovyan St,Yerevan,Armenia
187,40.1798593,44.5250268,Alek Manukyan St,Yerevan,Armenia
191,40.1880349,44.5174169,Moskovyan Street,Yerevan,Armenia
192,40.2049764,44.4751292,Margaryan St,Yerevan,Armenia
193,40.1572119,44.50175549999999,Arshakunyats Ave,Yerevan,Armenia
195,40.1851571,44.52059999999999,Abovyan St,Yerevan,Armenia
196,40.1778973,44.5189876,Hanrapetutyan St,Yerevan,Armenia
197,40.2049764,44.4751292,Margaryan St,Yerevan,Armenia
198,40.1880349,44.5174169,Moskovyan Street,Yerevan,Armenia
199,40.1709263,44.5173011,Yervand Kochar St,Yerevan,Armenia
200,40.1806224,44.50817809999999,Amiryan St,Yerevan,Armenia
201,40.1661234,44.5443839,Davit-Bek St,Yerevan,Armenia
202,40.1878405,44.52007769999999,Teryan,Yerevan,Armenia
203,40.1815734,44.520049,Nalbandyan St,Yerevan,Armenia
204,40.1829508,44.5166621,Tumanyan St,Yerevan,Armenia
205,40.1739979,44.52130349999999,Vardanants St,Yerevan,Armenia
206,40.1815025,44.5108536,Yeznik Koghbatsi St,Yerevan,Armenia
207,40.1851571,44.52059999999999,Abovyan St,Yerevan,Armenia
208,40.1878405,44.52007769999999,Teryan,Yerevan,Armenia
209,40.1878405,44.52007769999999,Teryan,Yerevan,Armenia
211,40.1878405,44.52007769999999,Teryan,Yerevan,Armenia
212,40.1806224,44.50817809999999,Amiryan St,Yerevan,Armenia
213,40.1922371,44.5041657,Marshal Baghramyan Ave,Yerevan,Armenia
214,40.1778973,44.5189876,Hanrapetutyan St,Yerevan,Armenia
215,40.1778973,44.5189876,Hanrapetutyan St,Yerevan,Armenia
216,40.1778973,44.5189876,Hanrapetutyan St,Yerevan,Armenia
217,40.2057999,44.5062259,Komitas Ave,Yerevan,Armenia
218,40.1851571,44.52059999999999,Abovyan St,Yerevan,Armenia
220,40.1851571,44.52059999999999,Abovyan St,Yerevan,Armenia
221,40.1851571,44.52059999999999,Abovyan St,Yerevan,Armenia
222,40.1668828,44.5146355,Movses Khorenatsi Street,Yerevan,Armenia
223,40.2507786,44.419895,Proshyan,Armenia
224,40.1815734,44.520049,Nalbandyan St,Yerevan,Armenia
225,40.1815734,44.520049,Nalbandyan St,Yerevan,Armenia
226,40.184564,44.5407877,Nork-Marash,Yerevan,Armenia
227,40.1880349,44.5174169,Moskovyan Street,Yerevan,Armenia
228,40.1591951,44.4667393,Admiral Isakov Ave,Yerevan,Armenia
229,40.1922371,44.5041657,Marshal Baghramyan Ave,Yerevan,Armenia
230,40.2057999,44.5062259,Komitas Ave,Yerevan,Armenia
231,40.2057999,44.5062259,Komitas Ave,Yerevan,Armenia
232,40.1778973,44.5189876,Hanrapetutyan St,Yerevan,Armenia
233,40.1922371,44.5041657,Marshal Baghramyan Ave,Yerevan,Armenia
234,40.1922371,44.5041657,Marshal Baghramyan Ave,Yerevan,Armenia
235,40.1820773,44.5146677,Northern Ave,Yerevan,Armenia
237,40.1668828,44.5146355,Movses Khorenatsi Street,Yerevan,Armenia
238,40.1829508,44.5166621,Tumanyan St,Yerevan,Armenia
239,40.1829508,44.5166621,Tumanyan St,Yerevan,Armenia
240,40.1922371,44.5041657,Marshal Baghramyan Ave,Yerevan,Armenia
241,40.1668828,44.5146355,Movses Khorenatsi Street,Yerevan,Armenia
242,40.2012047,44.5014376,Hrachya Kochar St,Yerevan,Armenia
243,40.1815025,44.5108536,Yeznik Koghbatsi St,Yerevan,Armenia
244,40.18938180000001,44.5156616,Tamanyan St,Yerevan,Armenia
245,40.18938180000001,44.5156616,Tamanyan St,Yerevan,Armenia
246,40.1806224,44.50817809999999,Amiryan St,Yerevan,Armenia
248,40.1922371,44.5041657,Marshal Baghramyan Ave,Yerevan,Armenia
249,40.1828222,44.512412,Pushkin St,Yerevan,Armenia
250,40.2041361,44.5506143,Rubinyants St,Yerevan,Armenia
251,40.1778973,44.5189876,Hanrapetutyan St,Yerevan,Armenia
252,40.1796961,44.5004573,Paronyan St,Yerevan,Armenia
253,40.1829508,44.5166621,Tumanyan St,Yerevan,Armenia
254,40.1880349,44.5174169,Moskovyan Street,Yerevan,Armenia
256,40.1880349,44.5174169,Moskovyan Street,Yerevan,Armenia
257,40.1820773,44.5146677,Northern Ave,Yerevan,Armenia
258,40.1820773,44.5146677,Northern Ave,Yerevan,Armenia
259,40.188147,44.5239866,Koryun St,Yerevan,Armenia
260,40.188147,44.5239866,Koryun St,Yerevan,Armenia
261,40.1829508,44.5166621,Tumanyan St,Yerevan,Armenia
262,40.1829508,44.5166621,Tumanyan St,Yerevan,Armenia
263,40.1922371,44.5041657,Marshal Baghramyan Ave,Yerevan,Armenia
264,40.1860168,44.5183665,Teryan St,Yerevan,Armenia
265,40.1860168,44.5183665,Teryan St,Yerevan,Armenia
266,40.1739979,44.52130349999999,Vardanants St,Yerevan,Armenia
267,40.1829508,44.5166621,Tumanyan St,Yerevan,Armenia
269,40.1828222,44.512412,Pushkin St,Yerevan,Armenia
270,40.1798593,44.5250268,Alek Manukyan St,Yerevan,Armenia
271,40.1778973,44.5189876,Hanrapetutyan St,Yerevan,Armenia
272,40.188147,44.5239866,Koryun St,Yerevan,Armenia
273,40.1798593,44.5250268,Alek Manukyan St,Yerevan,Armenia
274,40.1807166,44.4997376,28; Paronyan Street,Yerevan,Armenia
275,40.2235681,44.5052961,Yeghvard Hwy,Yerevan,Armenia
276,40.1912848,44.4706607,Leningradyan St,Yerevan,Armenia
279,39.5135817,46.3390853,Mashtots Street, Goris,Armenia
280,40.1878405,44.52007769999999,Teryan,Yerevan,Armenia
281,40.2288367,44.5464464,139/1; Zakaria Kanakertsi Street,Yerevan,Armenia
282,40.1845988,44.5099309,Ghazar Parpetsi St,Yerevan,Armenia
283,40.1845988,44.5099309,Ghazar Parpetsi St,Yerevan,Armenia
284,40.1829508,44.5166621,Tumanyan St,Yerevan,Armenia
285,40.183731,44.5111862,Mesrop Mashtots Ave,Yerevan,Armenia
287,40.1878405,44.52007769999999,Teryan,Yerevan,Armenia
288,40.2539631,44.5895523,M4,Yerevan,Armenia
289,40.1878405,44.52007769999999,Teryan,Yerevan,Armenia
290,40.1820619,44.5208837,Sayat-Nova Ave,Yerevan,Armenia
291,40.1922371,44.5041657,Marshal Baghramyan Ave,Yerevan,Armenia
292,40.2153506,44.5848525,Charents,Yerevan,Armenia
293,40.2153506,44.5848525,Charents,Yerevan,Armenia
294,40.1820773,44.5146677,Northern Ave,Yerevan,Armenia
295,40.18938180000001,44.5156616,Tamanyan St,Yerevan,Armenia
297,40.1769039,44.5220545,Khanjyan St,Yerevan,Armenia
298,40.1820619,44.5208837,Sayat-Nova Ave,Yerevan,Armenia
299,40.1806224,44.50817809999999,Amiryan St,Yerevan,Armenia
300,40.1769039,44.5220545,Khanjyan St,Yerevan,Armenia
301,40.1820619,44.5208837,Sayat-Nova Ave,Yerevan,Armenia
302,40.1806224,44.50817809999999,Amiryan St,Yerevan,Armenia
303,40.1806224,44.50817809999999,Amiryan St,Yerevan,Armenia
304,40.183731,44.5111862,Mesrop Mashtots Ave,Yerevan,Armenia
305,40.183731,44.5111862,Mesrop Mashtots Ave,Yerevan,Armenia
306,40.1723108,44.511713,Agatangeghos St,Yerevan,Armenia
307,40.152014,44.4963241,Garegin Nzhdeh St,Yerevan,Armenia
308,40.183731,44.5111862,Mesrop Mashtots Ave,Yerevan,Armenia
310,40.1878405,44.52007769999999,Teryan,Yerevan,Armenia
311,40.1851571,44.52059999999999,Abovyan St,Yerevan,Armenia
312,40.1979912,44.4998781,Avet Avetisyan St,Yerevan,Armenia
314,40.1878405,44.52007769999999,Teryan,Yerevan,Armenia
315,40.1922371,44.5041657,Marshal Baghramyan Ave,Yerevan,Armenia
316,40.1567434,44.5017089,Arshakunyats Ave,Yerevan,Armenia
317,40.1829508,44.5166621,Tumanyan St,Yerevan,Armenia
318,40.1567434,44.5017089,Arshakunyats Ave,Yerevan,Armenia
319,40.1567434,44.5017089,Arshakunyats Ave,Yerevan,Armenia
320,40.183731,44.5111862,Mesrop Mashtots Ave,Yerevan,Armenia
321,40.2165996,44.5770075,Isahakyan,Yerevan,Armenia
322,40.1567434,44.5017089,Arshakunyats Ave,Yerevan,Armenia
323,40.2057999,44.5062259,Komitas Ave,Yerevan,Armenia
324,40.1851571,44.52059999999999,Abovyan St,Yerevan,Armenia
325,40.1878405,44.52007769999999,Teryan,Yerevan,Armenia
326,40.1943397,44.4872434,Kievyan St,Yerevan,Armenia
327,40.18155369999999,44.4844405,Tsitsernakaberd Hwy,Yerevan,Armenia
329,40.1553997,44.4994751,Yerevan Mall; 34/3 Arshakunyats Ave,Yerevan,Armenia
330,40.18155369999999,44.4844405,Tsitsernakaberd Hwy,Yerevan,Armenia
331,40.1829508,44.5166621,Tumanyan St,Yerevan,Armenia
332,40.183731,44.5111862,Mesrop Mashtots Ave,Yerevan,Armenia
333,40.183731,44.5111862,Mesrop Mashtots Ave,Yerevan,Armenia
334,40.1820619,44.5208837,Sayat-Nova Ave,Yerevan,Armenia
335,40.1746614,44.5072007,Embassy of the Italian Republic in the Republic ofArmenia; 5 Italy St,Yerevan,Armenia
336,40.1851571,44.52059999999999,Abovyan St,Yerevan,Armenia
340,40.1546791,44.5177388,Sasuntsi Davit St,Yerevan,Armenia
342,40.183731,44.5111862,Mesrop Mashtots Ave,Yerevan,Armenia
344,40.2165996,44.5770075,Isahakyan,Yerevan,Armenia
345,40.1829508,44.5166621,Tumanyan St,Yerevan,Armenia
346,40.1750379,44.5175081,Chaykovski St,Yerevan,Armenia
347,40.1668828,44.5146355,Movses Khorenatsi Street,Yerevan,Armenia
348,40.1818622,44.5089465,Pavstos Buzand St,Yerevan,Armenia
349,40.1878405,44.52007769999999,Teryan,Yerevan,Armenia
350,40.1878405,44.52007769999999,Teryan,Yerevan,Armenia
351,40.183731,44.5111862,Mesrop Mashtots Ave,Yerevan,Armenia
352,40.1815734,44.520049,Nalbandyan St,Yerevan,Armenia
353,40.1820773,44.5146677,Northern Ave,Yerevan,Armenia
354,40.1820773,44.5146677,Northern Ave,Yerevan,Armenia
355,40.2057999,44.5062259,Komitas Ave,Yerevan,Armenia
356,40.1860168,44.5183665,Teryan St,Yerevan,Armenia
357,40.2045129,44.53571729999999,Avetis Aharonyan St,Yerevan,Armenia
359,40.1878405,44.52007769999999,Teryan,Yerevan,Armenia
360,40.1999758,44.4938913,Kasyan St,Yerevan,Armenia
361,40.1820773,44.5146677,Northern Ave,Yerevan,Armenia
362,40.1763424,44.5107597,Vazgen Sargsyan St,Yerevan,Armenia
363,40.1769039,44.5220545,Khanjyan St,Yerevan,Armenia
364,40.1829508,44.5166621,Tumanyan St,Yerevan,Armenia
365,40.1880349,44.5174169,Moskovyan Street,Yerevan,Armenia
366,40.1820619,44.5208837,Sayat-Nova Ave,Yerevan,Armenia
367,40.1801152,44.51284649999999,Aram Street,Yerevan,Armenia
368,40.1815025,44.5108536,Yeznik Koghbatsi St,Yerevan,Armenia
369,40.1567434,44.5017089,Arshakunyats Ave,Yerevan,Armenia
370,40.1567434,44.5017089,Arshakunyats Ave,Yerevan,Armenia
371,40.1660217,44.5169416,Nar-Dos St,Yerevan,Armenia
372,40.183731,44.5111862,Mesrop Mashtots Ave,Yerevan,Armenia
373,40.183731,44.5111862,Mesrop Mashtots Ave,Yerevan,Armenia
374,40.183731,44.5111862,Mesrop Mashtots Ave,Yerevan,Armenia
375,40.1845988,44.5099309,Ghazar Parpetsi St,Yerevan,Armenia
376,40.1820619,44.5208837,Sayat-Nova Ave,Yerevan,Armenia
377,40.2012047,44.5014376,Hrachya Kochar St,Yerevan,Armenia
378,40.1829508,44.5166621,Tumanyan St,Yerevan,Armenia
379,40.1815734,44.520049,Nalbandyan St,Yerevan,Armenia
380,40.1851571,44.52059999999999,Abovyan St,Yerevan,Armenia
382,40.1815734,44.520049,Nalbandyan St,Yerevan,Armenia
383,40.1922371,44.5041657,Marshal Baghramyan Ave,Yerevan,Armenia
384,40.1878405,44.52007769999999,Teryan,Yerevan,Armenia
385,40.2042635,44.5021686,Vahram Papazyan St,Yerevan,Armenia
386,40.2057999,44.5062259,Komitas Ave,Yerevan,Armenia
387,40.1878405,44.52007769999999,Teryan,Yerevan,Armenia
388,40.1878405,44.52007769999999,Teryan,Yerevan,Armenia
389,40.1769039,44.5220545,Khanjyan St,Yerevan,Armenia
390,40.1878405,44.52007769999999,Teryan,Yerevan,Armenia
391,40.2057999,44.5062259,Komitas Ave,Yerevan,Armenia
392,40.1691559,44.5095366,Getar St,Yerevan,Armenia
393,40.1798593,44.5250268,Alek Manukyan St,Yerevan,Armenia
394,40.2005366,44.5662392,Gai Ave,Yerevan,Armenia
395,40.1567434,44.5017089,Arshakunyats Ave,Yerevan,Armenia
396,40.1778973,44.5189876,Hanrapetutyan St,Yerevan,Armenia
397,40.1805937,44.52415999999999,Tigran Petrosyan; Khanjyan St,Yerevan,Armenia
398,40.18155369999999,44.4844405,Tsitsernakaberd Hwy,Yerevan,Armenia
399,40.183731,44.5111862,Mesrop Mashtots Ave,Yerevan,Armenia
400,40.1820619,44.5208837,Sayat-Nova Ave,Yerevan,Armenia
402,40.1829508,44.5166621,Tumanyan St,Yerevan,Armenia
403,40.2057999,44.5062259,Komitas Ave,Yerevan,Armenia
405,40.1820619,44.5208837,Sayat-Nova Ave,Yerevan,Armenia
406,40.1878405,44.52007769999999,Teryan,Yerevan,Armenia
407,40.1567434,44.5017089,Arshakunyats Ave,Yerevan,Armenia
408,40.1851571,44.52059999999999,Abovyan St,Yerevan,Armenia
409,40.18155369999999,44.4844405,Tsitsernakaberd Hwy,Yerevan,Armenia
410,40.18155369999999,44.4844405,Tsitsernakaberd Hwy,Yerevan,Armenia
412,40.2057999,44.5062259,Komitas Ave,Yerevan,Armenia
413,40.1878405,44.52007769999999,Teryan,Yerevan,Armenia
414,40.1829508,44.5166621,Tumanyan St,Yerevan,Armenia
415,40.1829508,44.5166621,Tumanyan St,Yerevan,Armenia
416,40.18938180000001,44.5156616,Tamanyan St,Yerevan,Armenia
417,40.1912848,44.4706607,Leningradyan St,Yerevan,Armenia
418,40.1860168,44.5183665,Teryan St,Yerevan,Armenia
419,40.1860168,44.5183665,Teryan St,Yerevan,Armenia
420,40.1880349,44.5174169,Moskovyan Street,Yerevan,Armenia
421,40.1665764,44.5132354,Tigran Mets Ave,Yerevan,Armenia
422,40.1798593,44.5250268,Alek Manukyan St,Yerevan,Armenia
423,40.1829508,44.5166621,Tumanyan St,Yerevan,Armenia
424,40.2089584,44.544548,Lepsius St,Yerevan,Armenia
425,40.2089584,44.544548,Lepsius St,Yerevan,Armenia
426,40.183731,44.5111862,Mesrop Mashtots Ave,Yerevan,Armenia
427,40.1878405,44.52007769999999,Teryan,Yerevan,Armenia
428,40.18245659999999,44.5154619,Hin Yerevantsi St,Yerevan,Armenia
429,40.2028705,44.5309353,Davit Anhaght Street,Yerevan,Armenia
430,40.2153506,44.5848525,Charents,Yerevan,Armenia
431,40.1878405,44.52007769999999,Teryan,Yerevan,Armenia
432,40.1820773,44.5146677,Northern Ave,Yerevan,Armenia
433,40.1828222,44.512412,Pushkin St,Yerevan,Armenia
434,40.1769039,44.5220545,Khanjyan St,Yerevan,Armenia
435,40.2165996,44.5770075,Isahakyan,Yerevan,Armenia
436,40.2165996,44.5770075,Isahakyan,Yerevan,Armenia
437,40.1820619,44.5208837,Sayat-Nova Ave,Yerevan,Armenia
438,40.20528160000001,44.4768727,Fuchik St,Yerevan,Armenia
439,40.1851571,44.52059999999999,Abovyan St,Yerevan,Armenia
440,40.1820773,44.5146677,Northern Ave,Yerevan,Armenia
441,40.183731,44.5111862,Mesrop Mashtots Ave,Yerevan,Armenia
442,40.1829508,44.5166621,Tumanyan St,Yerevan,Armenia
443,40.1880349,44.5174169,Moskovyan Street,Yerevan,Armenia
444,40.1820773,44.5146677,Northern Ave,Yerevan,Armenia
445,40.1818622,44.5089465,Pavstos Buzand St,Yerevan,Armenia
446,40.1354426,44.5102789,Artsakh Ave,Yerevan,Armenia
447,40.1851571,44.52059999999999,Abovyan St,Yerevan,Armenia
448,40.2057999,44.5062259,Komitas Ave,Yerevan,Armenia
449,40.2057999,44.5062259,Komitas Ave,Yerevan,Armenia
450,40.1878405,44.52007769999999,Teryan,Yerevan,Armenia
451,40.1897429,44.5291058,14 Heratsi St,Yerevan,Armenia
452,40.1880349,44.5174169,Moskovyan Street,Yerevan,Armenia
453,40.1878405,44.52007769999999,Teryan,Yerevan,Armenia
454,40.18938180000001,44.5156616,Tamanyan St,Yerevan,Armenia
455,40.2012014,44.4949512,38 Kasyan St,Yerevan,Armenia
457,40.2012014,44.4949512,38 Kasyan St,Yerevan,Armenia
458,40.183731,44.5111862,Mesrop Mashtots Ave,Yerevan,Armenia
459,40.1668828,44.5146355,Movses Khorenatsi Street,Yerevan,Armenia
460,40.1668828,44.5146355,Movses Khorenatsi Street,Yerevan,Armenia
461,40.1668828,44.5146355,Movses Khorenatsi Street,Yerevan,Armenia
462,40.2057999,44.5062259,Komitas Ave,Yerevan,Armenia
463,40.1851571,44.52059999999999,Abovyan St,Yerevan,Armenia
464,40.2037229,44.5129822,43rd St,Yerevan,Armenia
465,40.1845988,44.5099309,Ghazar Parpetsi St,Yerevan,Armenia
466,40.1828222,44.512412,Pushkin St,Yerevan,Armenia
467,40.1567434,44.5017089,Arshakunyats Ave,Yerevan,Armenia
468,40.1818622,44.5089465,Pavstos Buzand St,Yerevan,Armenia
469,40.1860168,44.5183665,Teryan St,Yerevan,Armenia
471,40.1686755,44.5202593,Kajaznuni St,Yerevan,Armenia
472,40.1851571,44.52059999999999,Abovyan St,Yerevan,Armenia
473,40.1778973,44.5189876,Hanrapetutyan St,Yerevan,Armenia
474,40.1845988,44.5099309,Ghazar Parpetsi St,Yerevan,Armenia
475,40.2153506,44.5848525,Charents,Yerevan,Armenia
476,40.18938180000001,44.5156616,Tamanyan St,Yerevan,Armenia
477,40.1457667,44.4898761,Tadevosian St,Yerevan,Armenia
478,40.1860168,44.5183665,Teryan St,Yerevan,Armenia
480,40.1723726,44.5147026,Zoravar Andranik statue; Tigran Mets Ave,Yerevan,Armenia
481,40.1778973,44.5189876,Hanrapetutyan St,Yerevan,Armenia
482,40.1793718,44.5019252,Leo St,Yerevan,Armenia
483,40.183731,44.5111862,Mesrop Mashtots Ave,Yerevan,Armenia
484,40.2042635,44.5021686,Vahram Papazyan St,Yerevan,Armenia
485,40.1631595,44.5101804,Kristapor St,Yerevan,Armenia
486,40.1665764,44.5132354,Tigran Mets Ave,Yerevan,Armenia
487,40.183731,44.5111862,Mesrop Mashtots Ave,Yerevan,Armenia
488,40.1665764,44.5132354,Tigran Mets Ave,Yerevan,Armenia
489,40.2052002,44.5306779,Nersisyan St,Yerevan,Armenia
490,40.1820619,44.5208837,Sayat-Nova Ave,Yerevan,Armenia
491,40.1779515,44.5650182,Hunan Avetisyan St,Yerevan,Armenia
492,40.1829508,44.5166621,Tumanyan St,Yerevan,Armenia
493,40.1709263,44.5173011,Yervand Kochar St,Yerevan,Armenia
494,40.2003784,44.4958383,Gyulbenkyan St,Yerevan,Armenia
495,40.2003784,44.4958383,Gyulbenkyan St,Yerevan,Armenia
496,40.1668828,44.5146355,Movses Khorenatsi Street,Yerevan,Armenia
497,40.1668828,44.5146355,Movses Khorenatsi Street,Yerevan,Armenia
498,40.18938180000001,44.5156616,Tamanyan St,Yerevan,Armenia
499,40.1845988,44.5099309,Ghazar Parpetsi St,Yerevan,Armenia
500,40.1820773,44.5146677,Northern Ave,Yerevan,Armenia
501,40.1880349,44.5174169,Moskovyan Street,Yerevan,Armenia
503,40.1829508,44.5166621,Tumanyan St,Yerevan,Armenia
504,40.1880349,44.5174169,Moskovyan Street,Yerevan,Armenia
505,40.1778973,44.5189876,Hanrapetutyan St,Yerevan,Armenia
506,40.1806224,44.50817809999999,Amiryan St,Yerevan,Armenia
507,40.1549381,44.5306675,Argishti,Yerevan,Armenia
508,40.1815025,44.5108536,Yeznik Koghbatsi St,Yerevan,Armenia
509,40.1815025,44.5108536,Yeznik Koghbatsi St,Yerevan,Armenia
510,40.1829508,44.5166621,Tumanyan St,Yerevan,Armenia
511,40.1806224,44.50817809999999,Amiryan St,Yerevan,Armenia
512,40.1880349,44.5174169,Moskovyan Street,Yerevan,Armenia
513,40.2057999,44.5062259,Komitas Ave,Yerevan,Armenia
514,40.1820773,44.5146677,Northern Ave,Yerevan,Armenia
515,40.1880349,44.5174169,Moskovyan Street,Yerevan,Armenia
516,40.1686755,44.5202593,Kajaznuni St,Yerevan,Armenia
517,40.183731,44.5111862,Mesrop Mashtots Ave,Yerevan,Armenia
518,40.2052002,44.5306779,Nersisyan St,Yerevan,Armenia
519,40.183731,44.5111862,Mesrop Mashtots Ave,Yerevan,Armenia
520,40.2057999,44.5062259,Komitas Ave,Yerevan,Armenia
521,40.1829508,44.5166621,Tumanyan St,Yerevan,Armenia
522,40.2052002,44.5306779,Nersisyan St,Yerevan,Armenia
523,40.2003784,44.4958383,Gyulbenkyan St,Yerevan,Armenia
524,40.1831583,44.4950688,Hrazdan Gorge,Yerevan,Armenia
525,40.2165996,44.5770075,Isahakyan,Yerevan,Armenia
527,40.1851571,44.52059999999999,Abovyan St,Yerevan,Armenia
528,40.1878405,44.52007769999999,Teryan,Yerevan,Armenia
529,40.1829508,44.5166621,Tumanyan St,Yerevan,Armenia
530,40.1922371,44.5041657,Marshal Baghramyan Ave,Yerevan,Armenia
531,40.1829508,44.5166621,Tumanyan St,Yerevan,Armenia
533,40.1828222,44.512412,Pushkin St,Yerevan,Armenia
534,40.183731,44.5111862,Mesrop Mashtots Ave,Yerevan,Armenia
536,40.1851571,44.52059999999999,Abovyan St,Yerevan,Armenia
537,40.1769039,44.5220545,Khanjyan St,Yerevan,Armenia
538,40.1922371,44.5041657,Marshal Baghramyan Ave,Yerevan,Armenia
539,40.2057999,44.5062259,Komitas Ave,Yerevan,Armenia
540,40.1801152,44.51284649999999,Aram Street,Yerevan,Armenia
541,40.1829508,44.5166621,Tumanyan St,Yerevan,Armenia
543,40.18245659999999,44.5154619,Hin Yerevantsi St,Yerevan,Armenia
544,40.1828222,44.512412,Pushkin St,Yerevan,Armenia
545,40.1796961,44.5004573,Paronyan St,Yerevan,Armenia
546,40.1860168,44.5183665,Teryan St,Yerevan,Armenia
547,40.1851571,44.52059999999999,Abovyan St,Yerevan,Armenia
548,40.1851571,44.52059999999999,Abovyan St,Yerevan,Armenia
549,40.1828222,44.512412,Pushkin St,Yerevan,Armenia
550,40.1828222,44.512412,Pushkin St,Yerevan,Armenia
551,40.1878405,44.52007769999999,Teryan,Yerevan,Armenia
553,40.2041361,44.5506143,Rubinyants St,Yerevan,Armenia
554,40.1820773,44.5146677,Northern Ave,Yerevan,Armenia
555,40.1865393,44.5127365,Alexander Spendiaryan St,Yerevan,Armenia
556,40.2041361,44.5506143,Rubinyants St,Yerevan,Armenia
557,40.1878405,44.52007769999999,Teryan,Yerevan,Armenia
558,40.1686452,44.45749199999999,Malatia-Sebastia,Yerevan,Armenia
559,40.1567434,44.5017089,Arshakunyats Ave,Yerevan,Armenia
560,40.1829508,44.5166621,Tumanyan St,Yerevan,Armenia
562,40.1739979,44.52130349999999,Vardanants St,Yerevan,Armenia
563,40.1820619,44.5208837,Sayat-Nova Ave,Yerevan,Armenia
564,40.1815734,44.520049,Nalbandyan St,Yerevan,Armenia
565,40.1815734,44.520049,Nalbandyan St,Yerevan,Armenia
566,40.1851571,44.52059999999999,Abovyan St,Yerevan,Armenia
567,40.1815025,44.5108536,Yeznik Koghbatsi St,Yerevan,Armenia
568,40.1829508,44.5166621,Tumanyan St,Yerevan,Armenia
569,40.1815734,44.520049,Nalbandyan St,Yerevan,Armenia
570,40.1668828,44.5146355,Movses Khorenatsi Street,Yerevan,Armenia
571,40.183731,44.5111862,Mesrop Mashtots Ave,Yerevan,Armenia
572,40.1829508,44.5166621,Tumanyan St,Yerevan,Armenia
573,40.1878405,44.52007769999999,Teryan,Yerevan,Armenia
574,40.1665764,44.5132354,Tigran Mets Ave,Yerevan,Armenia
575,40.1798593,44.5250268,Alek Manukyan St,Yerevan,Armenia
576,40.1829508,44.5166621,Tumanyan St,Yerevan,Armenia
577,40.1668828,44.5146355,Movses Khorenatsi Street,Yerevan,Armenia
578,40.1878405,44.52007769999999,Teryan,Yerevan,Armenia
579,40.1801152,44.51284649999999,Aram Street,Yerevan,Armenia
581,40.1778973,44.5189876,Hanrapetutyan St,Yerevan,Armenia
582,40.1831583,44.4950688,Hrazdan Gorge,Yerevan,Armenia
583,40.1820619,44.5208837,Sayat-Nova Ave,Yerevan,Armenia
585,40.1912848,44.4706607,Leningradyan St,Yerevan,Armenia
586,40.1878405,44.52007769999999,Teryan,Yerevan,Armenia
587,40.1829508,44.5166621,Tumanyan St,Yerevan,Armenia
588,40.2165996,44.5770075,Isahakyan,Yerevan,Armenia
589,40.1665764,44.5132354,Tigran Mets Ave,Yerevan,Armenia
590,40.1878405,44.52007769999999,Teryan,Yerevan,Armenia
591,40.1820773,44.5146677,Northern Ave,Yerevan,Armenia
592,40.1860168,44.5183665,Teryan St,Yerevan,Armenia
593,40.1878405,44.52007769999999,Teryan,Yerevan,Armenia
594,40.1820619,44.5208837,Sayat-Nova Ave,Yerevan,Armenia
595,40.1815734,44.520049,Nalbandyan St,Yerevan,Armenia
597,40.183731,44.5111862,Mesrop Mashtots Ave,Yerevan,Armenia
598,40.183731,44.5111862,Mesrop Mashtots Ave,Yerevan,Armenia
599,40.1572119,44.50175549999999,Arshakunyats Ave,Yerevan,Armenia
601,40.1567434,44.5017089,Arshakunyats Ave,Yerevan,Armenia
602,40.183731,44.5111862,Mesrop Mashtots Ave,Yerevan,Armenia
603,40.1851571,44.52059999999999,Abovyan St,Yerevan,Armenia
604,40.1851571,44.52059999999999,Abovyan St,Yerevan,Armenia
605,40.1567434,44.5017089,Arshakunyats Ave,Yerevan,Armenia
606,40.2057999,44.5062259,Komitas Ave,Yerevan,Armenia
607,40.1828222,44.512412,Pushkin St,Yerevan,Armenia
610,40.1567434,44.5017089,Arshakunyats Ave,Yerevan,Armenia
611,40.1880349,44.5174169,Moskovyan Street,Yerevan,Armenia
612,40.2041361,44.5506143,Rubinyants St,Yerevan,Armenia
613,40.1878405,44.52007769999999,Teryan,Yerevan,Armenia
614,40.1820619,44.5208837,Sayat-Nova Ave,Yerevan,Armenia
616,40.1943397,44.4872434,Kievyan St,Yerevan,Armenia
617,40.1567434,44.5017089,Arshakunyats Ave,Yerevan,Armenia
618,40.1778973,44.5189876,Hanrapetutyan St,Yerevan,Armenia
619,40.1820773,44.5146677,Northern Ave,Yerevan,Armenia
620,40.153611,44.527222,Lac Vardavar,Yerevan,Armenia
621,40.183731,44.5111862,Mesrop Mashtots Ave,Yerevan,Armenia
622,40.18938180000001,44.5156616,Tamanyan St,Yerevan,Armenia
623,40.2053451,44.4984591,Aram Khachatrian St,Yerevan,Armenia
625,40.1851571,44.52059999999999,Abovyan St,Yerevan,Armenia
626,40.1851571,44.52059999999999,Abovyan St,Yerevan,Armenia
627,40.1922371,44.5041657,Marshal Baghramyan Ave,Yerevan,Armenia
628,40.1878405,44.52007769999999,Teryan,Yerevan,Armenia
629,40.5338226,44.70642950000001,Tandzaghbyur St, Tsaghkadzor 2310,Armenia
631,40.5344006,44.7194932,Orbeli Brothers St, Tsaghkadzor 2310,Armenia
633,40.5338226,44.70642950000001,Tandzaghbyur St, Tsaghkadzor 2310,Armenia
634,40.2507786,44.419895,Proshyan,Armenia
635,40.1829508,44.5166621,Tumanyan St,Yerevan,Armenia
636,40.5344006,44.7194932,Orbeli Brothers St, Tsaghkadzor 2310,Armenia
637,40.2042635,44.5021686,Vahram Papazyan St,Yerevan,Armenia
638,40.5338226,44.70642950000001,Tandzaghbyur St, Tsaghkadzor 2310,Armenia
639,40.2165996,44.5770075,Isahakyan,Yerevan,Armenia
640,40.5336086,44.7389674,Pahlavunyats St, Tsaghkadzor 2310,Armenia
644,40.5325169,44.7198433,Grigor Magistros Ln, Tsaghkadzor 2310,Armenia
645,40.1806224,44.50817809999999,Amiryan St,Yerevan,Armenia
646,40.1828222,44.512412,Pushkin St,Yerevan,Armenia
647,40.5333069,44.71142649999999,Vladimir Harutyunyan St, Tsaghkadzor 2310,Armenia
648,40.2012047,44.5014376,Hrachya Kochar St,Yerevan,Armenia
649,40.5338226,44.70642950000001,Tandzaghbyur St, Tsaghkadzor 2310,Armenia
650,40.1709263,44.5173011,Yervand Kochar St,Yerevan,Armenia
651,40.1668828,44.5146355,Movses Khorenatsi Street,Yerevan,Armenia
654,40.52118249999999,44.7604683,Zoravar Andranik Ave, Hrazdan,Armenia
657,40.2057999,44.5062259,Komitas Ave,Yerevan,Armenia
660,40.52118249999999,44.7604683,Zoravar Andranik Ave, Hrazdan,Armenia
661,40.1806224,44.50817809999999,Amiryan St,Yerevan,Armenia
662,40.1829508,44.5166621,Tumanyan St,Yerevan,Armenia
663,40.1815025,44.5108536,Yeznik Koghbatsi St,Yerevan,Armenia
664,40.1769039,44.5220545,Khanjyan St,Yerevan,Armenia
666,40.1567434,44.5017089,Arshakunyats Ave,Yerevan,Armenia
667,40.1567434,44.5017089,Arshakunyats Ave,Yerevan,Armenia
669,40.1815025,44.5108536,Yeznik Koghbatsi St,Yerevan,Armenia
670,40.1567434,44.5017089,Arshakunyats Ave,Yerevan,Armenia
671,40.189117,44.4942722,Dzorapi Street,Yerevan,Armenia
672,40.183731,44.5111862,Mesrop Mashtots Ave,Yerevan,Armenia
673,40.1994399,44.4794483,Halabyan St,Yerevan,Armenia
674,40.1878405,44.52007769999999,Teryan,Yerevan,Armenia
675,40.1798593,44.5250268,Alek Manukyan St,Yerevan,Armenia
677,40.1567434,44.5017089,Arshakunyats Ave,Yerevan,Armenia
678,40.1820773,44.5146677,Northern Ave,Yerevan,Armenia
679,40.18155369999999,44.4844405,Tsitsernakaberd Hwy,Yerevan,Armenia
680,40.1851571,44.52059999999999,Abovyan St,Yerevan,Armenia
681,40.2057999,44.5062259,Komitas Ave,Yerevan,Armenia
682,40.1567434,44.5017089,Arshakunyats Ave,Yerevan,Armenia
684,40.2003784,44.4958383,Gyulbenkyan St,Yerevan,Armenia
685,40.1778973,44.5189876,Hanrapetutyan St,Yerevan,Armenia
686,40.1904795,44.5093113,National Assembly ofArmenia; 19 Marshal Baghramyan Ave,Yerevan,Armenia
687,40.183731,44.5111862,Mesrop Mashtots Ave,Yerevan,Armenia
688,40.1820619,44.5208837,Sayat-Nova Ave,Yerevan,Armenia
689,40.5344006,44.7194932,Orbeli Brothers St, Tsaghkadzor 2310,Armenia
690,40.183731,44.5111862,Mesrop Mashtots Ave,Yerevan,Armenia
691,40.1778973,44.5189876,Hanrapetutyan St,Yerevan,Armenia
692,40.1820619,44.5208837,Sayat-Nova Ave,Yerevan,Armenia
693,40.1815734,44.520049,Nalbandyan St,Yerevan,Armenia
694,40.1878405,44.52007769999999,Teryan,Yerevan,Armenia
695,40.1796961,44.5004573,Paronyan St,Yerevan,Armenia
696,40.1829508,44.5166621,Tumanyan St,Yerevan,Armenia
697,40.1820619,44.5208837,Sayat-Nova Ave,Yerevan,Armenia
698,40.1860168,44.5183665,Teryan St,Yerevan,Armenia
699,40.1801152,44.51284649999999,Aram Street,Yerevan,Armenia
700,40.1820619,44.5208837,Sayat-Nova Ave,Yerevan,Armenia
701,40.1851571,44.52059999999999,Abovyan St,Yerevan,Armenia
702,40.178527,44.5156252,Republic Square; Aram Street,Yerevan,Armenia
703,40.1796961,44.5004573,Paronyan St,Yerevan,Armenia
706,40.2057999,44.5062259,Komitas Ave,Yerevan,Armenia
707,40.1793718,44.5019252,Leo St,Yerevan,Armenia
708,40.1851571,44.52059999999999,Abovyan St,Yerevan,Armenia
709,40.1828222,44.512412,Pushkin St,Yerevan,Armenia
710,40.183731,44.5111862,Mesrop Mashtots Ave,Yerevan,Armenia
711,40.18155369999999,44.4844405,Tsitsernakaberd Hwy,Yerevan,Armenia
713,40.183731,44.5111862,Mesrop Mashtots Ave,Yerevan,Armenia
714,40.1820619,44.5208837,Sayat-Nova Ave,Yerevan,Armenia
715,40.2003784,44.4958383,Gyulbenkyan St,Yerevan,Armenia
716,40.2057999,44.5062259,Komitas Ave,Yerevan,Armenia
717,40.1820773,44.5146677,Northern Ave,Yerevan,Armenia
718,40.1798593,44.5250268,Alek Manukyan St,Yerevan,Armenia
719,40.1851571,44.52059999999999,Abovyan St,Yerevan,Armenia
720,40.1848526,44.5981861,Jrvezh,Yerevan,Armenia
721,40.2057999,44.5062259,Komitas Ave,Yerevan,Armenia
722,40.1912848,44.4706607,Leningradyan St,Yerevan,Armenia
723,40.1922371,44.5041657,Marshal Baghramyan Ave,Yerevan,Armenia
724,40.1820619,44.5208837,Sayat-Nova Ave,Yerevan,Armenia
725,40.1820773,44.5146677,Northern Ave,Yerevan,Armenia
726,40.2165996,44.5770075,Isahakyan,Yerevan,Armenia
729,40.1828222,44.512412,Pushkin St,Yerevan,Armenia
730,40.1820773,44.5146677,Northern Ave,Yerevan,Armenia
731,40.1668828,44.5146355,Movses Khorenatsi Street,Yerevan,Armenia
732,40.1828222,44.512412,Pushkin St,Yerevan,Armenia
733,40.1829508,44.5166621,Tumanyan St,Yerevan,Armenia
734,40.1815734,44.520049,Nalbandyan St,Yerevan,Armenia
735,40.2165996,44.5770075,Isahakyan,Yerevan,Armenia
736,40.2042082,44.5162127,Nairi Zaryan St,Yerevan,Armenia
737,40.1922371,44.5041657,Marshal Baghramyan Ave,Yerevan,Armenia
738,40.183731,44.5111862,Mesrop Mashtots Ave,Yerevan,Armenia
739,40.2165996,44.5770075,Isahakyan,Yerevan,Armenia
740,40.188147,44.5239866,Koryun St,Yerevan,Armenia
741,40.188147,44.5239866,Koryun St,Yerevan,Armenia
742,40.1668828,44.5146355,Movses Khorenatsi Street,Yerevan,Armenia
743,40.1860168,44.5183665,Teryan St,Yerevan,Armenia
744,40.1876417,44.59892120000001,Kochinyan St,Yerevan,Armenia
745,40.1665764,44.5132354,Tigran Mets Ave,Yerevan,Armenia
746,40.18938180000001,44.5156616,Tamanyan St,Yerevan,Armenia
747,40.183731,44.5111862,Mesrop Mashtots Ave,Yerevan,Armenia
748,40.1798593,44.5250268,Alek Manukyan St,Yerevan,Armenia
749,40.2174401,44.5467774,Tsarav Aghbyur St,Yerevan,Armenia
750,40.1829508,44.5166621,Tumanyan St,Yerevan,Armenia
751,40.1763424,44.5107597,Vazgen Sargsyan St,Yerevan,Armenia
753,40.18938180000001,44.5156616,Tamanyan St,Yerevan,Armenia
754,40.1668828,44.5146355,Movses Khorenatsi Street,Yerevan,Armenia
755,40.1806224,44.50817809999999,Amiryan St,Yerevan,Armenia
756,40.1668828,44.5146355,Movses Khorenatsi Street,Yerevan,Armenia
757,40.2057999,44.5062259,Komitas Ave,Yerevan,Armenia
758,40.1567434,44.5017089,Arshakunyats Ave,Yerevan,Armenia
759,40.1820619,44.5208837,Sayat-Nova Ave,Yerevan,Armenia
760,40.1668828,44.5146355,Movses Khorenatsi Street,Yerevan,Armenia
761,40.1922371,44.5041657,Marshal Baghramyan Ave,Yerevan,Armenia
762,40.1922371,44.5041657,Marshal Baghramyan Ave,Yerevan,Armenia
763,40.203941,44.468612,Bashinjaghyan St,Yerevan,Armenia
764,40.203941,44.468612,Bashinjaghyan St,Yerevan,Armenia
766,40.1685446,44.4418443,Zoravar Andranik,Yerevan,Armenia
768,40.1685446,44.4418443,Zoravar Andranik,Yerevan,Armenia
769,40.1820773,44.5146677,Northern Ave,Yerevan,Armenia
770,40.1820773,44.5146677,Northern Ave,Yerevan,Armenia
772,40.1860168,44.5183665,Teryan St,Yerevan,Armenia
773,40.2224875,44.49763,2,Yerevan,Armenia
774,40.1668828,44.5146355,Movses Khorenatsi Street,Yerevan,Armenia
775,40.1665764,44.5132354,Tigran Mets Ave,Yerevan,Armenia
776,40.1668828,44.5146355,Movses Khorenatsi Street,Yerevan,Armenia
777,40.1567434,44.5017089,Arshakunyats Ave,Yerevan,Armenia
778,40.188147,44.5239866,Koryun St,Yerevan,Armenia
779,40.1829508,44.5166621,Tumanyan St,Yerevan,Armenia
780,40.152014,44.4963241,Garegin Nzhdeh St,Yerevan,Armenia
781,40.1723726,44.5147026,Zoravar Andranik statue; Tigran Mets Ave,Yerevan,Armenia
783,40.1828222,44.512412,Pushkin St,Yerevan,Armenia
784,40.1828222,44.512412,Pushkin St,Yerevan,Armenia
785,40.1815734,44.520049,Nalbandyan St,Yerevan,Armenia
786,40.1739979,44.52130349999999,Vardanants St,Yerevan,Armenia
788,40.1567434,44.5017089,Arshakunyats Ave,Yerevan,Armenia
790,40.1851571,44.52059999999999,Abovyan St,Yerevan,Armenia
791,40.1668828,44.5146355,Movses Khorenatsi Street,Yerevan,Armenia
792,40.1815025,44.5108536,Yeznik Koghbatsi St,Yerevan,Armenia
793,40.1815025,44.5108536,Yeznik Koghbatsi St,Yerevan,Armenia
794,40.1828222,44.512412,Pushkin St,Yerevan,Armenia
795,40.2012047,44.5014376,Hrachya Kochar St,Yerevan,Armenia
796,40.2008014,44.4909757,Hakob Hakobyan St,Yerevan,Armenia
797,40.1668828,44.5146355,Movses Khorenatsi Street,Yerevan,Armenia
798,40.1686452,44.45749199999999,Malatia-Sebastia,Yerevan,Armenia
799,40.1820619,44.5208837,Sayat-Nova Ave,Yerevan,Armenia
800,40.1686452,44.45749199999999,Malatia-Sebastia,Yerevan,Armenia
801,40.1829508,44.5166621,Tumanyan St,Yerevan,Armenia
802,40.1880349,44.5174169,Moskovyan Street,Yerevan,Armenia
803,40.1878405,44.52007769999999,Teryan,Yerevan,Armenia
804,40.1851571,44.52059999999999,Abovyan St,Yerevan,Armenia
805,40.1845988,44.5099309,Ghazar Parpetsi St,Yerevan,Armenia
806,40.2028835,44.5234038,Azatutyan Ave,Yerevan,Armenia
807,40.1769039,44.5220545,Khanjyan St,Yerevan,Armenia
809,40.1668828,44.5146355,Movses Khorenatsi Street,Yerevan,Armenia
810,40.2507786,44.419895,Proshyan,Yerevan,Armenia
811,40.1801152,44.51284649999999,Aram Street,Yerevan,Armenia
812,40.2153506,44.5848525,Charents,Yerevan,Armenia
813,40.1994399,44.4794483,Halabyan St,Yerevan,Armenia
814,40.1665764,44.5132354,Tigran Mets Ave,Yerevan,Armenia
815,40.1943397,44.4872434,Kievyan St,Yerevan,Armenia
816,40.2052002,44.5306779,Nersisyan St,Yerevan,Armenia
817,40.1878405,44.52007769999999,Teryan,Yerevan,Armenia
818,40.1709263,44.5173011,Yervand Kochar St,Yerevan,Armenia
820,40.1709263,44.5173011,Yervand Kochar St,Yerevan,Armenia
821,40.208895,44.5253036,Shirvanzade St,Yerevan,Armenia
822,40.1815025,44.5108536,Yeznik Koghbatsi St,Yerevan,Armenia
823,40.2165996,44.5770075,Isahakyan,Yerevan,Armenia
824,40.1829508,44.5166621,Tumanyan St,Yerevan,Armenia
825,40.1820619,44.5208837,Sayat-Nova Ave,Yerevan,Armenia
828,40.2042635,44.5021686,Vahram Papazyan St,Yerevan,Armenia
829,40.1739979,44.52130349999999,Vardanants St,Yerevan,Armenia
830,40.1429018,44.5428794,Mahari St,Yerevan,Armenia
832,40.183731,44.5111862,Mesrop Mashtots Ave,Yerevan,Armenia
833,40.1815734,44.520049,Nalbandyan St,Yerevan,Armenia
834,40.1709263,44.5173011,Yervand Kochar St,Yerevan,Armenia
835,40.152014,44.4963241,Garegin Nzhdeh St,Yerevan,Armenia
836,40.1778973,44.5189876,Hanrapetutyan St,Yerevan,Armenia
837,40.18938180000001,44.5156616,Tamanyan St,Yerevan,Armenia
838,40.1686452,44.45749199999999,Malatia-Sebastia,Yerevan,Armenia
839,40.1668828,44.5146355,Movses Khorenatsi Street,Yerevan,Armenia
840,40.2057999,44.5062259,Komitas Ave,Yerevan,Armenia
841,40.2028835,44.5234038,Azatutyan Ave,Yerevan,Armenia
843,40.18155369999999,44.4844405,Tsitsernakaberd Hwy,Yerevan,Armenia
844,40.1806224,44.50817809999999,Amiryan St,Yerevan,Armenia
846,40.18245659999999,44.5154619,Hin Yerevantsi St,Yerevan,Armenia
847,40.1851571,44.52059999999999,Abovyan St,Yerevan,Armenia
848,40.183731,44.5111862,Mesrop Mashtots Ave,Yerevan,Armenia
849,40.1665764,44.5132354,Tigran Mets Ave,Yerevan,Armenia
850,40.1769039,44.5220545,Khanjyan St,Yerevan,Armenia
851,40.1739979,44.52130349999999,Vardanants St,Yerevan,Armenia
852,40.1845988,44.5099309,Ghazar Parpetsi St,Yerevan,Armenia
853,40.1878405,44.52007769999999,Teryan,Yerevan,Armenia
854,40.183731,44.5111862,Mesrop Mashtots Ave,Yerevan,Armenia
855,40.1999758,44.4938913,Kasyan St,Yerevan,Armenia
856,40.2012047,44.5014376,Hrachya Kochar St,Yerevan,Armenia
857,40.152014,44.4963241,Garegin Nzhdeh St,Yerevan,Armenia
860,40.1665764,44.5132354,Tigran Mets Ave,Yerevan,Armenia
861,40.2003784,44.4958383,Gyulbenkyan St,Yerevan,Armenia
862,40.1880349,44.5174169,Moskovyan Street,Yerevan,Armenia
863,40.1778973,44.5189876,Hanrapetutyan St,Yerevan,Armenia
864,40.1815734,44.520049,Nalbandyan St,Yerevan,Armenia
865,40.1815734,44.520049,Nalbandyan St,Yerevan,Armenia
866,40.1815025,44.5108536,Yeznik Koghbatsi St,Yerevan,Armenia
867,40.1665764,44.5132354,Tigran Mets Ave,Yerevan,Armenia
868,40.2071944,44.4980317,Hovsep Emin St,Yerevan,Armenia
869,40.2507786,44.419895,Proshyan,Yerevan,Armenia
870,40.2017171,44.499469,Vagharsh Vagharshyan St,Yerevan,Armenia
871,40.18938180000001,44.5156616,Tamanyan St,Yerevan,Armenia
872,40.183731,44.5111862,Mesrop Mashtots Ave,Yerevan,Armenia
873,40.1300329,44.44754469999999,Nerkin Charbakh,Yerevan,Armenia
874,40.1829508,44.5166621,Tumanyan St,Yerevan,Armenia
875,40.1300329,44.44754469999999,Nerkin Charbakh,Yerevan,Armenia
876,40.1880349,44.5174169,Moskovyan Street,Yerevan,Armenia
877,40.1820773,44.5146677,Northern Ave,Yerevan,Armenia
878,40.1880349,44.5174169,Moskovyan Street,Yerevan,Armenia
879,40.1686452,44.45749199999999,Malatia-Sebastia,Yerevan,Armenia
880,40.2028835,44.5234038,Azatutyan Ave,Yerevan,Armenia
881,40.1820773,44.5146677,Northern Ave,Yerevan,Armenia
882,40.18155369999999,44.4844405,Tsitsernakaberd Hwy,Yerevan,Armenia
883,40.1761575,44.5171991,Buzand St,Yerevan,Armenia
885,40.2094973,44.5140293,Griboyedov St,Yerevan,Armenia
886,40.18938180000001,44.5156616,Tamanyan St,Yerevan,Armenia
887,40.18155369999999,44.4844405,Tsitsernakaberd Hwy,Yerevan,Armenia
888,40.1806224,44.50817809999999,Amiryan St,Yerevan,Armenia
889,40.1567434,44.5017089,Arshakunyats Ave,Yerevan,Armenia
890,40.1665764,44.5132354,Tigran Mets Ave,Yerevan,Armenia
891,40.1820619,44.5208837,Sayat-Nova Ave,Yerevan,Armenia
892,40.1668828,44.5146355,Movses Khorenatsi Street,Yerevan,Armenia
893,40.1912848,44.4706607,Leningradyan St,Yerevan,Armenia
894,40.2507786,44.419895,Proshyan,Yerevan,Armenia
895,40.23038810000001,44.5425552,Tbilisyan Hwy,Yerevan,Armenia
896,40.2028835,44.5234038,Azatutyan Ave,Yerevan,Armenia
898,40.1798593,44.5250268,Alek Manukyan St,Yerevan,Armenia
899,40.183731,44.5111862,Mesrop Mashtots Ave,Yerevan,Armenia
900,40.1793718,44.5019252,Leo St,Yerevan,Armenia
901,40.1829508,44.5166621,Tumanyan St,Yerevan,Armenia
902,40.183731,44.5111862,Mesrop Mashtots Ave,Yerevan,Armenia
903,40.2017171,44.499469,Vagharsh Vagharshyan St,Yerevan,Armenia
904,40.1709263,44.5173011,Yervand Kochar St,Yerevan,Armenia
905,40.1885924,44.5945694,Kochinyan St,Yerevan,Armenia
908,40.1829508,44.5166621,Tumanyan St,Yerevan,Armenia
909,40.1820773,44.5146677,Northern Ave,Yerevan,Armenia
911,40.1829508,44.5166621,Tumanyan St,Yerevan,Armenia
912,40.2057999,44.5062259,Komitas Ave,Yerevan,Armenia
913,40.1665764,44.5132354,Tigran Mets Ave,Yerevan,Armenia
914,40.18155369999999,44.4844405,Tsitsernakaberd Hwy,Yerevan,Armenia
915,40.1815734,44.520049,Nalbandyan St,Yerevan,Armenia
916,40.183731,44.5111862,Mesrop Mashtots Ave,Yerevan,Armenia
918,40.1878405,44.52007769999999,Teryan,Yerevan,Armenia
919,40.1567434,44.5017089,Arshakunyats Ave,Yerevan,Armenia
920,40.1567434,44.5017089,Arshakunyats Ave,Yerevan,Armenia
921,40.18155369999999,44.4844405,Tsitsernakaberd Hwy,Yerevan,Armenia
922,40.1912848,44.4706607,Leningradyan St,Yerevan,Armenia
923,40.1851571,44.52059999999999,Abovyan St,Yerevan,Armenia
924,40.1665764,44.5132354,Tigran Mets Ave,Yerevan,Armenia
925,40.1799127,44.4480574,Ohanov St,Yerevan,Armenia
926,40.1567434,44.5017089,Arshakunyats Ave,Yerevan,Armenia
927,40.1665764,44.5132354,Tigran Mets Ave,Yerevan,Armenia
928,40.1815025,44.5108536,Yeznik Koghbatsi St,Yerevan,Armenia
929,40.1665764,44.5132354,Tigran Mets Ave,Yerevan,Armenia
930,40.1793718,44.5019252,Leo St,Yerevan,Armenia
931,40.1880349,44.5174169,Moskovyan Street,Yerevan,Armenia
932,40.18938180000001,44.5156616,Tamanyan St,Yerevan,Armenia
933,40.2507786,44.419895,Proshyan,Yerevan,Armenia
934,40.1806224,44.50817809999999,Amiryan St,Yerevan,Armenia
935,40.1668828,44.5146355,Movses Khorenatsi Street,Yerevan,Armenia
936,40.19883979999999,44.5283926,Adonts Institute; 31 Karapet Ulnetsi St,Yerevan,Armenia
937,40.183731,44.5111862,Mesrop Mashtots Ave,Yerevan,Armenia
938,40.1665764,44.5132354,Zavarian Street,Yerevan,Armenia
939,40.2041361,44.5506143,Rubinyants St,Yerevan,Armenia
940,40.183731,44.5111862,Mesrop Mashtots Ave,Yerevan,Armenia
941,40.1665764,44.5132354,Tigran Mets Ave,Yerevan,Armenia
942,40.2089841,44.5230657,Shahsuvaryan St,Yerevan,Armenia
943,40.1922371,44.5041657,Marshal Baghramyan Ave,Yerevan,Armenia
944,40.2012047,44.5014376,Hrachya Kochar St,Yerevan,Armenia
945,40.188147,44.5239866,Koryun St,Yerevan,Armenia
946,40.220299,44.48818929999999,Davtashen,Yerevan,Armenia
947,40.1781458,44.5195386,Tpagrichner St,Yerevan,Armenia
948,40.2057999,44.5062259,Komitas Ave,Yerevan,Armenia
949,40.1820619,44.5208837,Sayat-Nova Ave,Yerevan,Armenia
950,40.1860168,44.5183665,Teryan St,Yerevan,Armenia
951,40.183731,44.5111862,Mesrop Mashtots Ave,Yerevan,Armenia
952,40.1820773,44.5146677,Northern Ave,Yerevan,Armenia
953,40.183731,44.5111862,Mesrop Mashtots Ave,Yerevan,Armenia
954,40.18938180000001,44.5156616,Tamanyan St,Yerevan,Armenia
955,40.183731,44.5111862,Mesrop Mashtots Ave,Yerevan,Armenia
956,40.1820773,44.5146677,Northern Ave,Yerevan,Armenia
957,40.2057999,44.5062259,Komitas Ave,Yerevan,Armenia
958,40.1851571,44.52059999999999,Abovyan St,Yerevan,Armenia
959,40.18938180000001,44.5156616,Tamanyan St,Yerevan,Armenia
960,40.1878405,44.52007769999999,Teryan,Yerevan,Armenia
961,40.1318612,44.5286979,Avanesov St,Yerevan,Armenia
962,40.1742376,44.44811139999999,Raffi St,Yerevan,Armenia
963,40.2225759,44.5605321,Acharyan St,Yerevan,Armenia
964,40.2042635,44.5021686,Vahram Papazyan St,Yerevan,Armenia
965,40.1878405,44.52007769999999,Teryan,Yerevan,Armenia
966,40.1851571,44.52059999999999,Abovyan St,Yerevan,Armenia
968,40.1828222,44.512412,Pushkin St,Yerevan,Armenia
969,40.1878405,44.52007769999999,Teryan,Yerevan,Armenia
970,40.1829508,44.5166621,Tumanyan St,Yerevan,Armenia
971,40.1665764,44.5132354,Tigran Mets Ave,Yerevan,Armenia
972,40.1815025,44.5108536,Yeznik Koghbatsi St,Yerevan,Armenia
973,40.1829508,44.5166621,Tumanyan St,Yerevan,Armenia
975,40.18938180000001,44.5156616,Tamanyan St,Yerevan,Armenia
976,40.1806224,44.50817809999999,Amiryan St,Yerevan,Armenia
977,40.7900256,43.8460855,Sayat Nova Ave, Gyumri,Armenia
979,40.1828222,44.512412,Pushkin St,Yerevan,Armenia
980,40.2057999,44.5062259,Komitas Ave,Yerevan,Armenia
981,40.183731,44.5111862,Mesrop Mashtots Ave,Yerevan,Armenia
983,40.1549165,44.4782376,Bagratuniats St,Yerevan,Armenia
984,40.1665764,44.5132354,Tigran Mets Ave,Yerevan,Armenia
987,40.2049242,44.5400546,Paruyr Sevak St,Yerevan,Armenia
988,40.5211546,44.7604094,Zoravar Andranik Ave, Hrazdan,Armenia
990,40.7900256,43.8460855,Sayat Nova Ave, Gyumri,Armenia
991,40.7871635,43.8475584,Gorki Street, Gyumri,Armenia
992,40.217578,44.5796092,Hovhannisyan,Yerevan,Armenia
993,40.2012047,44.5014376,Hrachya Kochar St,Yerevan,Armenia
995,40.1567434,44.5017089,Arshakunyats Ave,Yerevan,Armenia
996,40.2165996,44.5770075,Isahakyan,Yerevan,Armenia
998,40.7900256,43.8460855,Sayat Nova Ave, Gyumri,Armenia
999,40.7844093,43.8453954,Haghtanaki Avenue, Gyumri,Armenia
1001,40.7820951,43.8450086,Mayakovsky Street, Gyumri,Armenia
1002,40.7859427,43.8398429,Gayi Street, Gyumri,Armenia
1003,40.8007819,43.8343261,Shirakatsi Street, Gyumri,Armenia
1004,40.19908660000001,44.4995078,Gabriel Sundukyan St,Yerevan,Armenia
1005,40.1878405,44.52007769999999,Teryan,Yerevan,Armenia
1006,40.1763424,44.5107597,Vazgen Sargsyan St,Yerevan,Armenia
1007,40.1746614,44.5072007,Embassy of the Italian Republic in the Republic ofArmenia; 5 Italy St,Yerevan,Armenia
1008,40.8257546,43.83369889999999,Movses Khorenatsi Street, Gyumri,Armenia
1009,40.80218230000001,43.8529766,Shara Talyan St, Gyumri,Armenia
1010,40.7875056,43.8411963,Abovyan St, Gyumri,Armenia
1011,40.80218230000001,43.8529766,Shara Talyan St, Gyumri,Armenia
1013,40.8260264,43.8273327,Yeghishe Charents St, Gyumri,Armenia
1014,40.7863621,43.8433953,Rijkov St, Gyumri,Armenia
1015,40.1668828,44.5146355,Movses Khorenatsi Street,Yerevan,Armenia
1016,40.1739979,44.52130349999999,Vardanants St,Yerevan,Armenia
1017,40.1778973,44.5189876,Hanrapetutyan St,Yerevan,Armenia
1018,40.1851571,44.52059999999999,Abovyan St,Yerevan,Armenia
1019,40.1860168,44.5183665,Teryan St,Yerevan,Armenia
1020,40.1665764,44.5132354,Tigran Mets Ave,Yerevan,Armenia
1021,40.2165996,44.5770075,Isahakyan,Yerevan,Armenia
1022,40.2165996,44.5770075,Isahakyan,Yerevan,Armenia
1023,40.1860168,44.5183665,Teryan St,Yerevan,Armenia
1024,40.1665764,44.5132354,Tigran Mets Ave,Yerevan,Armenia
1025,40.1851571,44.52059999999999,Abovyan St,Yerevan,Armenia
1026,40.1680853,44.51954019999999,Zavarian St,Yerevan,Armenia
1028,40.2049764,44.4751292,Margaryan St,Yerevan,Armenia
1029,40.1665764,44.5132354,Tigran Mets Ave,Yerevan,Armenia
1031,40.1709263,44.5173011,Yervand Kochar St,Yerevan,Armenia
1032,40.1851571,44.52059999999999,Abovyan St,Yerevan,Armenia
1033,40.1739979,44.52130349999999,Vardanants St,Yerevan,Armenia
1034,40.5333069,44.71142649999999,Vladimir Harutyunyan St, Tsaghkadzor 2310,Armenia
1036,40.1845988,44.5099309,Ghazar Parpetsi St,Yerevan,Armenia
1039,40.7900256,43.8460855,Sayat Nova Ave, Gyumri,Armenia
1042,40.183731,44.5111862,Mesrop Mashtots Ave,Yerevan,Armenia
1043,40.1829508,44.5166621,Tumanyan St,Yerevan,Armenia
1044,40.1820619,44.5208837,Sayat-Nova Ave,Yerevan,Armenia
1045,40.1828222,44.512412,Pushkin St,Yerevan,Armenia
1046,40.2005366,44.5662392,Gai Ave,Yerevan,Armenia
1047,40.1845988,44.5099309,Ghazar Parpetsi St,Yerevan,Armenia
1048,40.1778973,44.5189876,Hanrapetutyan St,Yerevan,Armenia
1049,40.1815025,44.5108536,Yeznik Koghbatsi St,Yerevan,Armenia
1050,40.1828222,44.512412,Pushkin St,Yerevan,Armenia
1051,40.1828222,44.512412,Pushkin St,Yerevan,Armenia
1053,40.1860168,44.5183665,Teryan St,Yerevan,Armenia
1054,40.18938180000001,44.5156616,Tamanyan St,Yerevan,Armenia
1055,40.1820619,44.5208837,Sayat-Nova Ave,Yerevan,Armenia
1056,40.1820619,44.5208837,Sayat-Nova Ave,Yerevan,Armenia
1057,40.1851571,44.52059999999999,Abovyan St,Yerevan,Armenia
1058,40.1851571,44.52059999999999,Abovyan St,Yerevan,Armenia
1060,40.1820619,44.5208837,Sayat-Nova Ave,Yerevan,Armenia
1063,40.14906149999999,44.4798263,Manandyan St,Yerevan,Armenia
1064,40.1880349,44.5174169,Moskovyan Street,Yerevan,Armenia
1066,40.1880349,44.5174169,Moskovyan Street,Yerevan,Armenia
1067,40.1815734,44.520049,Nalbandyan St,Yerevan,Armenia
1068,40.2225759,44.5605321,Acharyan St,Yerevan,Armenia
1069,40.183731,44.5111862,Mesrop Mashtots Ave,Yerevan,Armenia
1070,40.1820619,44.5208837,Sayat-Nova Ave,Yerevan,Armenia
1071,40.1723726,44.5147026,Zoravar Andranik statue; Tigran Mets Ave,Yerevan,Armenia
1072,40.183731,44.5111862,Mesrop Mashtots Ave,Yerevan,Armenia
1073,40.1820619,44.5208837,Sayat-Nova Ave,Yerevan,Armenia
1074,40.1739979,44.52130349999999,Vardanants St,Yerevan,Armenia
1076,40.1831583,44.4950688,Hrazdan Gorge,Yerevan,Armenia
1078,40.182398,44.580363,Anania Shirakatsy Lyceum; 35 Mikoyan St,Yerevan,Armenia
1079,40.1860168,44.5183665,Teryan St,Yerevan,Armenia
1080,40.1773371,44.5074447,Zakyan St,Yerevan,Armenia
1081,40.1567434,44.5017089,Arshakunyats Ave,Yerevan,Armenia
1082,40.1851571,44.52059999999999,Abovyan St,Yerevan,Armenia
1083,40.1567434,44.5017089,Arshakunyats Ave,Yerevan,Armenia
1084,40.1829508,44.5166621,Tumanyan St,Yerevan,Armenia
1085,40.1829508,44.5166621,Tumanyan St,Yerevan,Armenia
1086,40.1769039,44.5220545,Khanjyan St,Yerevan,Armenia
1087,40.1769039,44.5220545,Khanjyan St,Yerevan,Armenia
1088,40.1665764,44.5132354,Tigran Mets Ave,Yerevan,Armenia
1089,40.1806224,44.50817809999999,Amiryan St,Yerevan,Armenia
1090,40.1878405,44.52007769999999,Teryan,Yerevan,Armenia
1091,40.1851571,44.52059999999999,Abovyan St,Yerevan,Armenia
1092,40.2012047,44.5014376,Hrachya Kochar St,Yerevan,Armenia
1093,40.2057999,44.5062259,Komitas Ave,Yerevan,Armenia
1094,40.1779515,44.5650182,Hunan Avetisyan St,Yerevan,Armenia
1097,40.1820773,44.5146677,Northern Ave,Yerevan,Armenia
1098,40.7900256,43.8460855,Sayat Nova Ave, Gyumri,Armenia
1099,40.14906149999999,44.4798263,Manandyan St,Yerevan,Armenia
1100,40.14906149999999,44.4798263,Manandyan St,Yerevan,Armenia
1101,40.2042635,44.5021686,Vahram Papazyan St,Yerevan,Armenia
1102,40.7987273,43.8350178,8 Shirakatsi Street, Gyumri,Armenia
1103,40.1820619,44.5208837,Sayat-Nova Ave,Yerevan,Armenia
1104,40.1820619,44.5208837,Sayat-Nova Ave,Yerevan,Armenia
1105,40.183731,44.5111862,Mesrop Mashtots Ave,Yerevan,Armenia
1106,40.2028705,44.5309353,Davit Anhaght Street,Yerevan,Armenia
1107,40.188147,44.5239866,Koryun St,Yerevan,Armenia
1109,40.1820619,44.5208837,Sayat-Nova Ave,Yerevan,Armenia
1110,40.1567434,44.5017089,Arshakunyats Ave,Yerevan,Armenia
1111,40.2165996,44.5770075,Isahakyan,Yerevan,Armenia
1112,40.1567434,44.5017089,Arshakunyats Ave,Yerevan,Armenia
1113,40.7871635,43.8475584,Gorki Street, Gyumri,Armenia
1114,40.1922371,44.5041657,Marshal Baghramyan Ave,Yerevan,Armenia
1116,40.1829508,44.5166621,Tumanyan St,Yerevan,Armenia
1117,40.1567434,44.5017089,Arshakunyats Ave,Yerevan,Armenia
1118,40.1994399,44.4794483,Halabyan St,Yerevan,Armenia
1119,40.1820773,44.5146677,Northern Ave,Yerevan,Armenia
1120,40.18938180000001,44.5156616,Tamanyan St,Yerevan,Armenia
1121,40.18938180000001,44.5156616,Tamanyan St,Yerevan,Armenia
1122,40.1567434,44.5017089,Arshakunyats Ave,Yerevan,Armenia
1123,40.1829508,44.5166621,Tumanyan St,Yerevan,Armenia
1124,40.1829508,44.5166621,Tumanyan St,Yerevan,Armenia
1125,40.1793718,44.5019252,Leo St,Yerevan,Armenia
1126,40.183731,44.5111862,Mesrop Mashtots Ave,Yerevan,Armenia
1127,40.1860168,44.5183665,Teryan St,Yerevan,Armenia
1128,40.1820619,44.5208837,Sayat-Nova Ave,Yerevan,Armenia
1129,40.2049764,44.4751292,Margaryan St,Yerevan,Armenia
1130,40.1798593,44.5250268,Alek Manukyan St,Yerevan,Armenia
1131,40.1668828,44.5146355,Movses Khorenatsi Street,Yerevan,Armenia
1132,40.1778973,44.5189876,Hanrapetutyan St,Yerevan,Armenia
1133,40.1567434,44.5017089,Arshakunyats Ave,Yerevan,Armenia
1134,40.8291882,43.82866019999999,Paruyr Sevak St, Gyumri,Armenia
1135,40.8142988,43.8405374,Vazgen Sargsyan Street, Gyumri,Armenia
1136,40.2231704,44.5403843,Kanaker,Yerevan,Armenia
1137,40.2123895,44.4637902,Gevorg Chaush St,Yerevan,Armenia
1138,40.2231704,44.5403843,Kanaker,Yerevan,Armenia
1139,40.8142988,43.8405374,Vazgen Sargsyan Street, Gyumri,Armenia
1140,40.1865393,44.5127365,Alexander Spendiaryan St,Yerevan,Armenia
1141,40.1815734,44.520049,Nalbandyan St,Yerevan,Armenia
1142,40.1865393,44.5127365,Alexander Spendiaryan St,Yerevan,Armenia
1143,40.2028687,44.5337444,Karapet Ulnetsi St,Yerevan,Armenia
1144,40.1778973,44.5189876,Hanrapetutyan St,Yerevan,Armenia
1145,40.183731,44.5111862,Mesrop Mashtots Ave,Yerevan,Armenia
1146,40.189047,44.5280669,Heratsi St,Yerevan,Armenia
1147,40.1665764,44.5132354,Tigran Mets Ave,Yerevan,Armenia
1148,40.5211546,44.7604094,Zoravar Andranik Ave, Hrazdan,Armenia
1149,40.1407474,44.5203928,Nor Aresh,Yerevan,Armenia
1150,40.1829508,44.5166621,Tumanyan St,Yerevan,Armenia
1151,40.2017171,44.499469,Vagharsh Vagharshyan St,Yerevan,Armenia
1152,40.1763424,44.5107597,Vazgen Sargsyan St,Yerevan,Armenia
1154,40.1572119,44.50175549999999,Arshakunyats Ave,Yerevan,Armenia
1155,40.1815734,44.520049,Nalbandyan St,Yerevan,Armenia
1156,40.18938180000001,44.5156616,Tamanyan St,Yerevan,Armenia
1157,40.1878405,44.52007769999999,Teryan,Yerevan,Armenia
1158,40.1815734,44.520049,Nalbandyan St,Yerevan,Armenia
1160,40.2057999,44.5062259,Komitas Ave,Yerevan,Armenia
1161,40.2012047,44.5014376,Hrachya Kochar St,Yerevan,Armenia
1162,40.2042082,44.5162127,Nairi Zaryan St,Yerevan,Armenia
1163,40.1820619,44.5208837,Sayat-Nova Ave,Yerevan,Armenia
1164,40.1820619,44.5208837,Sayat-Nova Ave,Yerevan,Armenia
1165,40.2039871,44.542691,Dro St,Yerevan,Armenia
1166,40.2068668,44.5104334,Vratsakan St,Yerevan,Armenia
1167,40.2331377,44.5532003,Z. Sarkavag 6-th line,Yerevan,Armenia
1168,40.1739979,44.52130349999999,Vardanants St,Yerevan,Armenia
1169,40.1820619,44.5208837,Sayat-Nova Ave,Yerevan,Armenia
1170,40.14063489999999,44.4674459,Shirak St,Yerevan,Armenia
1172,40.2331377,44.5532003,Z. Sarkavag 6-th line,Yerevan,Armenia
1174,40.1820773,44.5146677,Northern Ave,Yerevan,Armenia
1175,40.1567434,44.5017089,Arshakunyats Ave,Yerevan,Armenia
1176,40.1567434,44.5017089,Arshakunyats Ave,Yerevan,Armenia
1177,40.1739979,44.52130349999999,Vardanants St,Yerevan,Armenia
1178,40.2153506,44.5848525,Charents,Yerevan,Armenia
1179,40.1815734,44.520049,Nalbandyan St,Yerevan,Armenia
1180,40.183731,44.5111862,Mesrop Mashtots Ave,Yerevan,Armenia
1181,40.1665764,44.5132354,Tigran Mets Ave,Yerevan,Armenia
1182,40.1801152,44.51284649999999,Aram Street,Yerevan,Armenia
1183,40.1851571,44.52059999999999,Abovyan St,Yerevan,Armenia
1184,40.1815734,44.520049,Nalbandyan St,Yerevan,Armenia
1186,40.2153506,44.5848525,Charents,Yerevan,Armenia